campaign_id,campaign_name,channel,start_date,end_date,spend_amount,campaign_goal,is_active
1,Campaign_1,Conference,2024-05-02 15:56:35,2024-06-01 15:56:35,69413,Engagement Boost,1
2,Campaign_2,Email,2019-10-19 21:17:16,2019-11-15 21:17:16,6876,Event Attendance,1
3,Campaign_3,Email,2024-01-21 19:20:10,2024-03-05 19:20:10,1343,Engagement Boost,1
4,Campaign_4,Email,2022-01-15 22:44:23,2022-02-17 22:44:23,1892,Lead Generation,1
5,Campaign_5,Webinar,2022-12-03 10:45:16,2023-01-03 10:45:16,2530,Event Attendance,1
6,Campaign_6,Conference,2022-09-04 13:20:20,2022-11-20 13:20:20,1312,Lead Generation,1
7,Campaign_7,Website,2022-03-22 22:40:38,2022-04-24 22:40:38,528,Engagement Boost,1
8,Campaign_8,Paid Ads,2019-02-19 05:22:01,2019-06-05 05:22:01,5675,Event Attendance,1
9,Campaign_9,Website,2022-03-21 17:54:26,2022-06-01 17:54:26,42701,Engagement Boost,0
10,Campaign_10,Social Media,2023-02-06 21:19:18,2023-04-16 21:19:18,1490,Event Attendance,0
11,Campaign_11,Email,2020-12-17 03:26:02,2021-03-31 03:26:02,1151,Engagement Boost,0
12,Campaign_12,Social Media,2020-11-20 06:51:32,2021-03-15 06:51:32,28874,Member Conversion,0
13,Campaign_13,Paid Ads,2023-04-04 13:30:11,2023-07-17 13:30:11,48642,Engagement Boost,1
14,Campaign_14,Email,2020-06-07 03:56:23,2020-08-22 03:56:23,11179,Member Conversion,0
15,Campaign_15,Webinar,2020-10-19 16:02:31,2020-11-25 16:02:31,37284,Engagement Boost,1
16,Campaign_16,Email,2021-07-10 22:09:06,2021-08-02 22:09:06,22602,Event Attendance,1
17,Campaign_17,Webinar,2020-10-20 06:15:49,2020-11-15 06:15:49,33931,Event Attendance,0
18,Campaign_18,Webinar,2022-05-31 02:27:13,2022-06-15 02:27:13,369,Event Attendance,1
19,Campaign_19,Webinar,2022-09-11 22:38:15,2022-11-22 22:38:15,720,Brand Awareness,0
20,Campaign_20,Paid Ads,2020-09-18 08:29:31,2020-10-03 08:29:31,54542,Lead Generation,0
21,Campaign_21,Paid Ads,2018-02-22 07:56:13,2018-04-11 07:56:13,5135,Event Attendance,0
22,Campaign_22,Webinar,2021-05-19 18:12:53,2021-09-06 18:12:53,47520,Member Conversion,0
23,Campaign_23,Paid Ads,2018-02-08 17:06:09,2018-04-11 17:06:09,20585,Event Attendance,1
24,Campaign_24,Paid Ads,2024-09-09 10:00:25,2024-12-21 10:00:25,1183,Brand Awareness,1
25,Campaign_25,Email,2021-05-15 15:34:45,2021-09-10 15:34:45,45059,Member Conversion,1
26,Campaign_26,Webinar,2018-12-18 06:26:04,2019-01-02 06:26:04,38742,Brand Awareness,1
27,Campaign_27,Email,2021-02-20 10:32:56,2021-03-22 10:32:56,237,Member Conversion,0
28,Campaign_28,Webinar,2023-08-12 12:16:48,2023-10-26 12:16:48,527,Engagement Boost,0
29,Campaign_29,Conference,2021-05-16 13:19:22,2021-09-10 13:19:22,26754,Lead Generation,0
30,Campaign_30,Paid Ads,2024-09-19 08:18:02,2024-12-06 08:18:02,1399,Lead Generation,1
31,Campaign_31,Paid Ads,2021-05-20 20:18:06,2021-08-05 20:18:06,1113,Brand Awareness,1
32,Campaign_32,Referral,2019-12-22 11:51:05,2020-03-14 11:51:05,653,Lead Generation,1
33,Campaign_33,Social Media,2024-05-08 18:18:39,2024-06-13 18:18:39,236,Brand Awareness,1
34,Campaign_34,Website,2023-09-27 00:31:23,2024-01-12 00:31:23,1172,Brand Awareness,0
35,Campaign_35,Social Media,2022-12-08 06:31:23,2023-02-27 06:31:23,1795,Brand Awareness,1
36,Campaign_36,Email,2024-02-29 10:48:46,2024-05-29 10:48:46,6036,Lead Generation,1
37,Campaign_37,Email,2020-07-12 02:51:41,2020-08-21 02:51:41,7068,Brand Awareness,1
38,Campaign_38,Paid Ads,2021-10-29 04:17:01,2021-11-28 04:17:01,53648,Lead Generation,0
39,Campaign_39,Email,2022-10-15 14:33:18,2022-12-19 14:33:18,43001,Brand Awareness,0
40,Campaign_40,Paid Ads,2019-08-29 03:53:22,2019-12-22 03:53:22,1263,Event Attendance,1
41,Campaign_41,Paid Ads,2019-01-06 22:30:03,2019-04-16 22:30:03,14516,Brand Awareness,1
42,Campaign_42,Paid Ads,2019-12-09 14:20:38,2020-02-18 14:20:38,2317,Member Conversion,1
43,Campaign_43,Conference,2024-03-23 07:04:19,2024-05-05 07:04:19,10396,Brand Awareness,1
44,Campaign_44,Conference,2022-01-27 01:28:31,2022-04-29 01:28:31,23546,Engagement Boost,0
45,Campaign_45,Paid Ads,2021-12-25 15:59:52,2022-04-10 15:59:52,897,Brand Awareness,0
46,Campaign_46,Social Media,2024-04-28 01:29:38,2024-07-20 01:29:38,1263,Member Conversion,1
47,Campaign_47,Paid Ads,2024-06-16 06:36:20,2024-08-16 06:36:20,35561,Member Conversion,1
48,Campaign_48,Social Media,2024-02-18 04:36:02,2024-06-05 04:36:02,8183,Lead Generation,0
49,Campaign_49,Email,2024-03-13 00:23:48,2024-05-28 00:23:48,5930,Event Attendance,1
50,Campaign_50,Referral,2019-10-09 04:42:48,2019-12-31 04:42:48,31572,Brand Awareness,0
51,Campaign_51,Webinar,2018-05-07 20:10:14,2018-08-05 20:10:14,748,Lead Generation,1
52,Campaign_52,Paid Ads,2019-10-22 09:42:41,2019-11-21 09:42:41,3312,Event Attendance,1
53,Campaign_53,Email,2019-07-20 23:28:03,2019-11-01 23:28:03,1485,Brand Awareness,1
54,Campaign_54,Paid Ads,2018-08-22 17:24:40,2018-12-04 17:24:40,415,Engagement Boost,1
55,Campaign_55,Email,2021-10-30 10:49:31,2021-12-31 10:49:31,1370,Brand Awareness,0
56,Campaign_56,Email,2018-02-09 04:22:37,2018-05-19 04:22:37,535,Member Conversion,1
57,Campaign_57,Webinar,2019-06-02 19:22:33,2019-07-25 19:22:33,1391,Member Conversion,1
58,Campaign_58,Paid Ads,2020-03-04 16:29:13,2020-06-26 16:29:13,291,Engagement Boost,1
59,Campaign_59,Webinar,2022-10-15 09:58:12,2022-12-01 09:58:12,552,Lead Generation,1
60,Campaign_60,Website,2023-11-28 02:50:41,2024-03-15 02:50:41,770,Event Attendance,1
61,Campaign_61,Paid Ads,2018-05-12 20:32:46,2018-09-04 20:32:46,7959,Brand Awareness,1
62,Campaign_62,Webinar,2024-06-19 01:43:07,2024-07-26 01:43:07,980,Member Conversion,0
63,Campaign_63,Email,2020-10-25 17:59:35,2020-11-18 17:59:35,38130,Lead Generation,1
64,Campaign_64,Conference,2022-09-06 11:06:22,2022-11-28 11:06:22,37088,Engagement Boost,1
65,Campaign_65,Paid Ads,2024-08-01 05:16:18,2024-11-23 05:16:18,692,Member Conversion,0
66,Campaign_66,Referral,2022-09-03 01:50:05,2022-10-21 01:50:05,1393,Engagement Boost,1
67,Campaign_67,Social Media,2020-03-09 09:03:12,2020-05-14 09:03:12,25670,Brand Awareness,0
68,Campaign_68,Paid Ads,2019-03-13 10:55:31,2019-06-30 10:55:31,666,Event Attendance,1
69,Campaign_69,Email,2023-02-09 05:49:27,2023-03-05 05:49:27,3469,Member Conversion,0
70,Campaign_70,Social Media,2018-09-24 12:24:35,2018-10-27 12:24:35,5795,Member Conversion,0
71,Campaign_71,Conference,2024-10-29 06:17:33,2025-01-09 06:17:33,206,Brand Awareness,0
72,Campaign_72,Email,2020-09-24 14:04:53,2021-01-12 14:04:53,332,Lead Generation,0
73,Campaign_73,Email,2020-10-13 03:51:17,2020-10-28 03:51:17,2556,Event Attendance,1
74,Campaign_74,Conference,2024-05-10 23:31:53,2024-08-01 23:31:53,1325,Member Conversion,0
75,Campaign_75,Email,2018-09-16 12:13:55,2018-10-04 12:13:55,4808,Event Attendance,1
76,Campaign_76,Website,2022-04-06 14:12:44,2022-05-06 14:12:44,7150,Member Conversion,1
77,Campaign_77,Paid Ads,2022-05-14 22:27:10,2022-06-21 22:27:10,734,Event Attendance,1
78,Campaign_78,Email,2022-01-20 14:37:05,2022-04-24 14:37:05,10719,Engagement Boost,1
79,Campaign_79,Social Media,2021-06-03 08:37:45,2021-06-19 08:37:45,562,Member Conversion,1
80,Campaign_80,Paid Ads,2019-09-02 03:44:43,2019-12-17 03:44:43,281,Event Attendance,1
81,Campaign_81,Paid Ads,2018-04-10 08:49:37,2018-05-26 08:49:37,23787,Lead Generation,1
82,Campaign_82,Email,2020-09-28 16:09:45,2021-01-11 16:09:45,31588,Engagement Boost,0
83,Campaign_83,Email,2020-09-12 14:57:01,2020-12-19 14:57:01,494,Engagement Boost,0
84,Campaign_84,Webinar,2022-10-26 17:49:01,2022-12-03 17:49:01,1447,Lead Generation,1
85,Campaign_85,Paid Ads,2023-06-01 01:50:22,2023-06-27 01:50:22,13309,Event Attendance,1
86,Campaign_86,Webinar,2024-05-19 03:08:31,2024-07-22 03:08:31,1336,Brand Awareness,1
87,Campaign_87,Conference,2019-11-29 23:17:34,2020-01-17 23:17:34,4064,Lead Generation,1
88,Campaign_88,Webinar,2021-07-16 02:15:35,2021-09-01 02:15:35,559,Event Attendance,1
89,Campaign_89,Email,2019-01-30 21:31:57,2019-03-18 21:31:57,36966,Lead Generation,1
90,Campaign_90,Paid Ads,2019-02-26 16:27:02,2019-05-12 16:27:02,12009,Lead Generation,1
91,Campaign_91,Website,2020-11-01 16:14:51,2021-01-05 16:14:51,899,Member Conversion,0
92,Campaign_92,Conference,2024-02-27 06:15:20,2024-04-24 06:15:20,647,Event Attendance,1
93,Campaign_93,Webinar,2021-03-22 17:49:49,2021-07-15 17:49:49,1055,Brand Awareness,1
94,Campaign_94,Email,2019-09-30 19:10:31,2019-10-26 19:10:31,564,Member Conversion,1
95,Campaign_95,Email,2022-05-12 09:52:20,2022-08-01 09:52:20,674,Lead Generation,1
96,Campaign_96,Conference,2019-11-11 21:38:23,2020-01-29 21:38:23,1207,Lead Generation,1
97,Campaign_97,Social Media,2020-11-27 06:23:13,2021-01-13 06:23:13,6445,Lead Generation,0
98,Campaign_98,Webinar,2023-05-28 02:33:18,2023-07-21 02:33:18,666,Event Attendance,1
99,Campaign_99,Social Media,2020-03-18 04:06:12,2020-06-14 04:06:12,13718,Event Attendance,1
100,Campaign_100,Conference,2021-04-20 12:46:15,2021-06-16 12:46:15,37257,Member Conversion,0
101,Campaign_101,Email,2024-01-09 20:16:25,2024-03-07 20:16:25,7352,Brand Awareness,0
102,Campaign_102,Paid Ads,2021-10-11 17:22:32,2021-11-23 17:22:32,47207,Member Conversion,0
103,Campaign_103,Email,2022-03-18 18:18:35,2022-04-14 18:18:35,18281,Engagement Boost,1
104,Campaign_104,Email,2024-01-23 19:25:47,2024-02-18 19:25:47,771,Lead Generation,0
105,Campaign_105,Social Media,2023-10-24 10:24:59,2024-02-10 10:24:59,2882,Lead Generation,1
106,Campaign_106,Paid Ads,2021-07-16 10:14:04,2021-09-14 10:14:04,2245,Lead Generation,1
107,Campaign_107,Paid Ads,2020-03-02 14:20:24,2020-03-18 14:20:24,36,Member Conversion,1
108,Campaign_108,Email,2024-04-19 06:26:36,2024-06-07 06:26:36,1188,Member Conversion,1
109,Campaign_109,Email,2023-06-25 16:19:56,2023-10-04 16:19:56,21507,Lead Generation,1
110,Campaign_110,Email,2019-08-23 00:58:40,2019-11-26 00:58:40,2387,Member Conversion,1
111,Campaign_111,Email,2020-02-17 06:57:28,2020-05-31 06:57:28,683,Event Attendance,0
112,Campaign_112,Webinar,2024-09-21 00:54:30,2024-10-13 00:54:30,1465,Event Attendance,0
113,Campaign_113,Email,2024-08-03 01:12:40,2024-11-18 01:12:40,15491,Member Conversion,0
114,Campaign_114,Webinar,2021-01-10 19:02:47,2021-02-19 19:02:47,3040,Lead Generation,1
115,Campaign_115,Email,2020-09-15 07:34:24,2020-12-12 07:34:24,7667,Member Conversion,0
116,Campaign_116,Email,2019-07-12 12:49:47,2019-10-24 12:49:47,1117,Member Conversion,1
117,Campaign_117,Email,2023-12-02 19:24:55,2024-01-19 19:24:55,71888,Member Conversion,0
118,Campaign_118,Webinar,2018-10-02 12:08:55,2019-01-29 12:08:55,1085,Engagement Boost,1
119,Campaign_119,Webinar,2019-12-01 21:53:02,2019-12-22 21:53:02,904,Event Attendance,0
120,Campaign_120,Paid Ads,2018-05-28 05:07:22,2018-08-18 05:07:22,221,Brand Awareness,1
121,Campaign_121,Paid Ads,2019-07-18 20:00:50,2019-09-28 20:00:50,5569,Brand Awareness,0
122,Campaign_122,Conference,2020-08-20 06:12:32,2020-11-17 06:12:32,13383,Engagement Boost,0
123,Campaign_123,Email,2021-03-31 04:33:11,2021-05-13 04:33:11,7353,Member Conversion,1
124,Campaign_124,Email,2023-08-26 07:58:26,2023-10-15 07:58:26,28821,Engagement Boost,1
125,Campaign_125,Social Media,2023-06-21 03:16:50,2023-10-02 03:16:50,5799,Engagement Boost,0
126,Campaign_126,Webinar,2020-11-23 08:30:24,2020-12-28 08:30:24,29860,Lead Generation,1
127,Campaign_127,Email,2023-12-01 09:46:34,2024-01-20 09:46:34,5811,Event Attendance,0
128,Campaign_128,Website,2019-07-28 21:17:56,2019-08-21 21:17:56,16939,Brand Awareness,1
129,Campaign_129,Conference,2024-12-25 04:19:53,2025-04-19 04:19:53,30338,Member Conversion,1
130,Campaign_130,Email,2024-04-03 23:14:46,2024-06-29 23:14:46,26730,Brand Awareness,1
131,Campaign_131,Webinar,2021-07-20 07:06:33,2021-08-27 07:06:33,1147,Brand Awareness,1
132,Campaign_132,Webinar,2023-06-10 09:44:59,2023-08-27 09:44:59,35083,Event Attendance,0
133,Campaign_133,Paid Ads,2024-11-20 12:13:58,2025-03-13 12:13:58,26510,Brand Awareness,1
134,Campaign_134,Paid Ads,2023-02-10 01:15:52,2023-04-14 01:15:52,228,Brand Awareness,1
135,Campaign_135,Email,2019-08-18 01:42:35,2019-12-09 01:42:35,1906,Engagement Boost,1
136,Campaign_136,Webinar,2020-07-03 13:41:53,2020-08-22 13:41:53,49064,Event Attendance,1
137,Campaign_137,Paid Ads,2022-06-24 23:17:52,2022-09-28 23:17:52,12813,Lead Generation,0
138,Campaign_138,Social Media,2018-02-22 14:39:43,2018-06-19 14:39:43,2626,Member Conversion,0
139,Campaign_139,Webinar,2023-12-20 08:39:25,2024-04-08 08:39:25,14191,Brand Awareness,1
140,Campaign_140,Email,2019-09-23 11:47:35,2019-10-31 11:47:35,1146,Member Conversion,0
141,Campaign_141,Webinar,2023-07-28 06:16:04,2023-09-03 06:16:04,1069,Lead Generation,0
142,Campaign_142,Email,2023-09-25 02:37:22,2023-12-10 02:37:22,13801,Member Conversion,1
143,Campaign_143,Webinar,2021-12-02 13:05:47,2022-03-22 13:05:47,937,Lead Generation,0
144,Campaign_144,Webinar,2019-09-17 05:38:47,2019-11-07 05:38:47,715,Engagement Boost,1
145,Campaign_145,Email,2021-05-13 22:14:45,2021-06-08 22:14:45,22288,Brand Awareness,1
146,Campaign_146,Paid Ads,2019-08-31 02:22:18,2019-11-08 02:22:18,9266,Lead Generation,0
147,Campaign_147,Email,2022-09-22 16:30:56,2022-10-19 16:30:56,11540,Member Conversion,1
148,Campaign_148,Email,2019-01-30 01:07:46,2019-03-08 01:07:46,1038,Brand Awareness,0
149,Campaign_149,Paid Ads,2022-08-28 16:37:02,2022-12-09 16:37:02,49846,Engagement Boost,0
150,Campaign_150,Paid Ads,2021-07-03 18:43:25,2021-10-24 18:43:25,996,Brand Awareness,1
151,Campaign_151,Referral,2022-12-16 03:22:42,2023-04-14 03:22:42,356,Lead Generation,0
152,Campaign_152,Paid Ads,2019-06-21 03:03:28,2019-08-04 03:03:28,1298,Engagement Boost,1
153,Campaign_153,Email,2022-08-29 13:24:20,2022-09-29 13:24:20,31411,Member Conversion,1
154,Campaign_154,Webinar,2024-08-07 04:45:42,2024-10-22 04:45:42,1353,Engagement Boost,0
155,Campaign_155,Email,2020-11-08 06:49:34,2021-02-14 06:49:34,5155,Engagement Boost,0
156,Campaign_156,Referral,2018-10-29 15:47:25,2019-02-09 15:47:25,11093,Event Attendance,1
157,Campaign_157,Webinar,2023-07-03 23:09:14,2023-10-11 23:09:14,4530,Engagement Boost,1
158,Campaign_158,Conference,2021-02-04 01:19:04,2021-03-03 01:19:04,1048,Engagement Boost,0
159,Campaign_159,Email,2021-02-25 10:24:14,2021-05-09 10:24:14,4453,Brand Awareness,0
160,Campaign_160,Paid Ads,2024-08-02 12:30:17,2024-09-04 12:30:17,947,Member Conversion,0
161,Campaign_161,Paid Ads,2021-06-17 14:11:53,2021-08-19 14:11:53,4511,Brand Awareness,1
162,Campaign_162,Social Media,2018-04-02 07:02:19,2018-07-25 07:02:19,1188,Brand Awareness,1
163,Campaign_163,Email,2024-03-06 10:05:00,2024-04-01 10:05:00,44214,Lead Generation,1
164,Campaign_164,Email,2019-12-08 20:10:26,2020-02-21 20:10:26,36602,Brand Awareness,0
165,Campaign_165,Referral,2022-04-12 08:28:46,2022-08-09 08:28:46,283,Event Attendance,1
166,Campaign_166,Paid Ads,2020-10-29 03:56:15,2020-12-01 03:56:15,1480,Event Attendance,1
167,Campaign_167,Paid Ads,2019-07-22 05:08:54,2019-10-20 05:08:54,20857,Lead Generation,0
168,Campaign_168,Email,2023-02-26 12:56:16,2023-03-21 12:56:16,27982,Member Conversion,1
169,Campaign_169,Referral,2018-04-03 06:16:19,2018-06-27 06:16:19,13425,Member Conversion,0
170,Campaign_170,Email,2018-02-08 13:17:48,2018-03-22 13:17:48,3980,Brand Awareness,0
171,Campaign_171,Conference,2019-03-03 01:14:07,2019-06-03 01:14:07,31431,Brand Awareness,0
172,Campaign_172,Conference,2019-02-03 11:33:23,2019-05-23 11:33:23,1208,Brand Awareness,1
173,Campaign_173,Email,2022-06-07 21:19:25,2022-08-12 21:19:25,992,Member Conversion,1
174,Campaign_174,Webinar,2019-12-14 10:05:24,2020-03-20 10:05:24,991,Engagement Boost,0
175,Campaign_175,Email,2023-09-15 17:22:46,2023-10-15 17:22:46,2309,Event Attendance,0
176,Campaign_176,Email,2022-10-25 21:28:12,2023-01-16 21:28:12,7390,Engagement Boost,0
177,Campaign_177,Conference,2023-06-04 12:16:14,2023-09-25 12:16:14,28019,Engagement Boost,1
178,Campaign_178,Social Media,2018-10-03 22:46:02,2018-10-29 22:46:02,23639,Member Conversion,0
179,Campaign_179,Webinar,2020-02-13 13:16:12,2020-03-23 13:16:12,2107,Engagement Boost,0
180,Campaign_180,Paid Ads,2023-08-15 22:37:23,2023-10-20 22:37:23,1283,Lead Generation,0
181,Campaign_181,Email,2018-09-24 03:03:40,2019-01-01 03:03:40,8573,Brand Awareness,0
182,Campaign_182,Email,2019-12-21 19:12:31,2020-04-13 19:12:31,10776,Lead Generation,0
183,Campaign_183,Email,2022-12-13 17:41:26,2023-02-18 17:41:26,5676,Event Attendance,0
184,Campaign_184,Email,2023-05-31 01:19:54,2023-07-07 01:19:54,719,Brand Awareness,1
185,Campaign_185,Email,2018-12-29 03:16:02,2019-01-28 03:16:02,1590,Engagement Boost,1
186,Campaign_186,Paid Ads,2022-12-06 13:40:37,2023-02-15 13:40:37,1550,Event Attendance,1
187,Campaign_187,Email,2018-09-29 19:23:07,2018-11-21 19:23:07,5633,Brand Awareness,1
188,Campaign_188,Email,2024-03-18 11:06:37,2024-05-24 11:06:37,8342,Engagement Boost,1
189,Campaign_189,Paid Ads,2019-02-22 18:04:40,2019-04-19 18:04:40,2934,Lead Generation,1
190,Campaign_190,Social Media,2023-11-08 06:08:52,2024-01-19 06:08:52,69788,Brand Awareness,1
191,Campaign_191,Email,2020-08-04 05:07:39,2020-09-26 05:07:39,1159,Engagement Boost,1
192,Campaign_192,Website,2022-03-19 01:22:51,2022-04-16 01:22:51,8059,Lead Generation,0
193,Campaign_193,Social Media,2023-08-26 11:17:39,2023-12-13 11:17:39,10884,Event Attendance,0
194,Campaign_194,Email,2020-05-22 20:42:05,2020-06-10 20:42:05,10655,Event Attendance,1
195,Campaign_195,Conference,2019-02-16 14:44:13,2019-04-06 14:44:13,52859,Event Attendance,0
196,Campaign_196,Webinar,2023-05-10 17:07:22,2023-08-19 17:07:22,877,Event Attendance,1
197,Campaign_197,Webinar,2019-08-12 19:39:43,2019-11-27 19:39:43,1026,Member Conversion,1
198,Campaign_198,Paid Ads,2020-11-14 10:54:19,2021-02-11 10:54:19,8224,Brand Awareness,1
199,Campaign_199,Paid Ads,2023-12-18 04:51:36,2024-01-19 04:51:36,933,Brand Awareness,1
200,Campaign_200,Paid Ads,2018-10-01 13:53:42,2018-12-30 13:53:42,205,Member Conversion,0
201,Campaign_201,Paid Ads,2022-05-02 04:49:01,2022-05-25 04:49:01,7598,Engagement Boost,0
202,Campaign_202,Webinar,2024-06-21 19:39:12,2024-09-17 19:39:12,1496,Engagement Boost,1
203,Campaign_203,Webinar,2021-01-05 04:48:00,2021-03-18 04:48:00,1759,Event Attendance,1
204,Campaign_204,Paid Ads,2023-07-04 01:01:44,2023-08-04 01:01:44,2875,Lead Generation,1
205,Campaign_205,Conference,2021-02-01 22:22:18,2021-05-28 22:22:18,39531,Engagement Boost,1
206,Campaign_206,Email,2018-01-26 20:50:00,2018-02-16 20:50:00,10712,Lead Generation,1
207,Campaign_207,Email,2018-10-02 03:22:27,2018-12-01 03:22:27,43565,Brand Awareness,1
208,Campaign_208,Social Media,2023-06-15 20:00:12,2023-07-12 20:00:12,1216,Lead Generation,0
209,Campaign_209,Email,2024-07-25 13:19:36,2024-09-17 13:19:36,1155,Brand Awareness,0
210,Campaign_210,Email,2018-12-12 14:12:54,2019-02-06 14:12:54,7869,Member Conversion,1
211,Campaign_211,Email,2023-05-26 07:16:21,2023-06-18 07:16:21,1213,Member Conversion,0
212,Campaign_212,Email,2019-06-19 06:01:43,2019-08-22 06:01:43,700,Event Attendance,1
213,Campaign_213,Referral,2022-08-22 14:15:54,2022-10-02 14:15:54,40201,Engagement Boost,1
214,Campaign_214,Webinar,2023-10-10 06:17:44,2023-12-29 06:17:44,21967,Event Attendance,1
215,Campaign_215,Website,2024-06-10 18:51:41,2024-06-29 18:51:41,894,Brand Awareness,0
216,Campaign_216,Webinar,2022-09-17 08:43:16,2022-10-30 08:43:16,1287,Event Attendance,0
217,Campaign_217,Paid Ads,2018-09-03 08:54:56,2018-10-24 08:54:56,920,Lead Generation,0
218,Campaign_218,Email,2020-08-22 23:48:57,2020-10-13 23:48:57,34589,Brand Awareness,1
219,Campaign_219,Webinar,2021-06-02 11:34:03,2021-09-07 11:34:03,35015,Member Conversion,0
220,Campaign_220,Email,2018-09-26 22:01:50,2018-10-18 22:01:50,537,Engagement Boost,1
221,Campaign_221,Social Media,2023-11-23 00:13:46,2024-02-10 00:13:46,22773,Brand Awareness,0
222,Campaign_222,Social Media,2019-06-17 01:05:57,2019-09-25 01:05:57,806,Brand Awareness,1
223,Campaign_223,Email,2022-04-04 03:40:15,2022-05-05 03:40:15,365,Lead Generation,1
224,Campaign_224,Referral,2020-07-23 02:05:19,2020-10-16 02:05:19,31143,Engagement Boost,1
225,Campaign_225,Social Media,2020-02-11 10:50:16,2020-05-24 10:50:16,11154,Member Conversion,0
226,Campaign_226,Webinar,2021-12-04 10:53:39,2022-02-01 10:53:39,1824,Brand Awareness,1
227,Campaign_227,Email,2024-12-16 15:59:44,2025-01-03 15:59:44,46688,Brand Awareness,0
228,Campaign_228,Paid Ads,2018-04-29 22:03:41,2018-06-18 22:03:41,4043,Lead Generation,1
229,Campaign_229,Paid Ads,2022-09-01 04:07:12,2022-11-24 04:07:12,6197,Event Attendance,0
230,Campaign_230,Email,2018-07-14 15:16:09,2018-08-28 15:16:09,978,Member Conversion,0
231,Campaign_231,Email,2021-05-25 03:17:07,2021-06-27 03:17:07,2213,Engagement Boost,0
232,Campaign_232,Conference,2018-03-30 14:21:49,2018-06-13 14:21:49,1311,Brand Awareness,1
233,Campaign_233,Email,2019-03-14 15:54:14,2019-05-21 15:54:14,552,Brand Awareness,1
234,Campaign_234,Webinar,2021-05-16 08:27:46,2021-07-08 08:27:46,600,Member Conversion,1
235,Campaign_235,Website,2024-12-04 04:11:28,2025-03-19 04:11:28,44499,Event Attendance,0
236,Campaign_236,Social Media,2021-02-21 15:46:44,2021-05-20 15:46:44,1088,Brand Awareness,1
237,Campaign_237,Email,2022-09-28 22:19:28,2023-01-10 22:19:28,45,Member Conversion,1
238,Campaign_238,Social Media,2023-01-08 15:50:40,2023-02-10 15:50:40,43559,Lead Generation,1
239,Campaign_239,Email,2020-04-14 04:31:54,2020-06-06 04:31:54,10783,Event Attendance,1
240,Campaign_240,Email,2024-05-28 13:56:00,2024-08-17 13:56:00,1309,Engagement Boost,0
241,Campaign_241,Webinar,2023-04-29 09:57:21,2023-06-27 09:57:21,56787,Brand Awareness,1
242,Campaign_242,Paid Ads,2018-05-14 04:11:45,2018-06-10 04:11:45,872,Member Conversion,0
243,Campaign_243,Paid Ads,2022-11-27 09:50:19,2023-03-13 09:50:19,1713,Lead Generation,1
244,Campaign_244,Webinar,2022-07-01 23:03:50,2022-09-11 23:03:50,1135,Engagement Boost,1
245,Campaign_245,Email,2021-11-25 00:33:40,2021-12-29 00:33:40,441,Member Conversion,1
246,Campaign_246,Email,2022-06-08 03:00:47,2022-09-22 03:00:47,201,Member Conversion,1
247,Campaign_247,Paid Ads,2022-07-12 15:44:32,2022-10-06 15:44:32,11368,Engagement Boost,1
248,Campaign_248,Conference,2019-04-10 20:35:12,2019-06-24 20:35:12,13040,Lead Generation,0
249,Campaign_249,Webinar,2020-09-15 23:30:09,2021-01-12 23:30:09,788,Lead Generation,1
250,Campaign_250,Email,2022-03-18 18:23:48,2022-05-10 18:23:48,64985,Event Attendance,0
251,Campaign_251,Paid Ads,2019-05-27 04:17:29,2019-06-11 04:17:29,48201,Brand Awareness,1
252,Campaign_252,Email,2024-07-21 13:43:59,2024-08-07 13:43:59,20525,Engagement Boost,1
253,Campaign_253,Email,2022-02-10 02:05:42,2022-05-12 02:05:42,28398,Engagement Boost,0
254,Campaign_254,Conference,2024-06-01 02:53:55,2024-09-15 02:53:55,37857,Engagement Boost,1
255,Campaign_255,Email,2020-07-01 08:22:14,2020-09-15 08:22:14,3709,Lead Generation,1
256,Campaign_256,Email,2019-08-01 14:44:26,2019-10-17 14:44:26,321,Brand Awareness,1
257,Campaign_257,Webinar,2024-10-28 08:25:30,2024-12-06 08:25:30,342,Event Attendance,1
258,Campaign_258,Webinar,2023-07-18 00:29:50,2023-09-26 00:29:50,4041,Member Conversion,0
259,Campaign_259,Webinar,2022-06-19 12:40:36,2022-08-05 12:40:36,605,Member Conversion,1
260,Campaign_260,Email,2018-12-30 04:11:31,2019-02-20 04:11:31,14078,Engagement Boost,0
261,Campaign_261,Email,2024-04-01 20:26:09,2024-04-21 20:26:09,627,Brand Awareness,0
262,Campaign_262,Email,2019-03-01 00:20:21,2019-05-12 00:20:21,3895,Lead Generation,1
263,Campaign_263,Email,2021-03-30 07:40:05,2021-05-27 07:40:05,11090,Brand Awareness,0
264,Campaign_264,Webinar,2022-11-14 08:51:22,2023-01-12 08:51:22,516,Brand Awareness,1
265,Campaign_265,Social Media,2018-07-15 10:54:54,2018-08-30 10:54:54,834,Lead Generation,0
266,Campaign_266,Conference,2021-10-13 10:29:03,2021-12-11 10:29:03,9925,Engagement Boost,1
267,Campaign_267,Conference,2024-07-31 05:58:39,2024-10-14 05:58:39,4056,Brand Awareness,0
268,Campaign_268,Paid Ads,2021-02-07 12:26:08,2021-04-09 12:26:08,973,Member Conversion,1
269,Campaign_269,Webinar,2021-07-02 10:13:28,2021-08-06 10:13:28,1296,Lead Generation,1
270,Campaign_270,Paid Ads,2019-02-16 14:30:19,2019-05-21 14:30:19,422,Event Attendance,0
271,Campaign_271,Paid Ads,2019-02-12 13:31:38,2019-05-22 13:31:38,11631,Engagement Boost,0
272,Campaign_272,Paid Ads,2019-02-18 05:34:07,2019-05-18 05:34:07,752,Lead Generation,1
273,Campaign_273,Email,2023-07-20 22:38:20,2023-11-12 22:38:20,915,Event Attendance,1
274,Campaign_274,Paid Ads,2024-03-29 15:40:50,2024-05-18 15:40:50,34289,Event Attendance,0
275,Campaign_275,Referral,2021-11-12 10:06:11,2022-03-05 10:06:11,1307,Brand Awareness,0
276,Campaign_276,Email,2019-11-01 01:06:03,2019-12-04 01:06:03,14398,Brand Awareness,0
277,Campaign_277,Email,2022-06-16 13:35:31,2022-07-20 13:35:31,450,Brand Awareness,0
278,Campaign_278,Paid Ads,2020-04-04 14:02:58,2020-06-14 14:02:58,582,Lead Generation,0
279,Campaign_279,Conference,2021-03-21 14:59:37,2021-04-22 14:59:37,206,Lead Generation,0
280,Campaign_280,Webinar,2019-08-25 03:34:26,2019-10-25 03:34:26,54163,Engagement Boost,1
281,Campaign_281,Webinar,2023-04-23 11:46:26,2023-08-20 11:46:26,1207,Brand Awareness,1
282,Campaign_282,Email,2022-12-03 19:42:11,2023-02-04 19:42:11,1899,Event Attendance,0
283,Campaign_283,Webinar,2020-09-29 19:05:03,2020-10-27 19:05:03,16653,Member Conversion,0
284,Campaign_284,Email,2022-08-02 01:41:26,2022-08-31 01:41:26,13577,Engagement Boost,1
285,Campaign_285,Social Media,2024-09-20 00:26:27,2024-11-04 00:26:27,221,Lead Generation,1
286,Campaign_286,Webinar,2018-05-31 06:53:28,2018-06-15 06:53:28,609,Engagement Boost,0
287,Campaign_287,Email,2018-06-20 21:22:40,2018-08-27 21:22:40,1894,Engagement Boost,1
288,Campaign_288,Email,2021-01-27 01:28:07,2021-02-13 01:28:07,714,Engagement Boost,1
289,Campaign_289,Email,2019-08-07 08:49:03,2019-09-06 08:49:03,1350,Engagement Boost,1
290,Campaign_290,Paid Ads,2020-06-01 10:10:46,2020-09-10 10:10:46,1008,Member Conversion,1
291,Campaign_291,Email,2021-06-07 04:49:43,2021-08-17 04:49:43,1073,Brand Awareness,1
292,Campaign_292,Webinar,2019-09-15 10:03:44,2019-12-13 10:03:44,213,Event Attendance,1
293,Campaign_293,Paid Ads,2024-11-24 19:39:54,2024-12-20 19:39:54,9179,Engagement Boost,1
294,Campaign_294,Email,2021-11-21 00:59:07,2022-02-17 00:59:07,15326,Engagement Boost,0
295,Campaign_295,Email,2024-06-29 23:33:12,2024-10-17 23:33:12,4595,Engagement Boost,1
296,Campaign_296,Email,2024-12-08 21:47:04,2025-01-07 21:47:04,3956,Brand Awareness,0
297,Campaign_297,Social Media,2020-12-08 07:56:33,2021-03-04 07:56:33,1466,Lead Generation,0
298,Campaign_298,Email,2024-10-06 06:47:50,2025-01-30 06:47:50,321,Lead Generation,1
299,Campaign_299,Webinar,2023-08-23 09:21:34,2023-11-21 09:21:34,36890,Member Conversion,0
300,Campaign_300,Social Media,2018-04-27 06:57:33,2018-06-04 06:57:33,5638,Lead Generation,1
301,Campaign_301,Webinar,2019-02-16 19:40:25,2019-03-30 19:40:25,949,Engagement Boost,0
302,Campaign_302,Social Media,2019-01-30 18:43:46,2019-02-21 18:43:46,5427,Engagement Boost,1
303,Campaign_303,Paid Ads,2023-08-03 14:34:46,2023-11-17 14:34:46,9780,Engagement Boost,0
304,Campaign_304,Referral,2022-10-06 01:35:55,2022-11-25 01:35:55,3927,Member Conversion,0
305,Campaign_305,Email,2024-10-19 06:32:47,2025-01-31 06:32:47,33380,Engagement Boost,1
306,Campaign_306,Email,2018-08-23 17:48:09,2018-09-14 17:48:09,508,Lead Generation,1
307,Campaign_307,Webinar,2024-01-30 11:24:31,2024-04-11 11:24:31,1194,Brand Awareness,0
308,Campaign_308,Website,2020-04-06 23:23:31,2020-06-19 23:23:31,28049,Brand Awareness,0
309,Campaign_309,Social Media,2022-01-13 22:31:23,2022-03-18 22:31:23,1113,Event Attendance,1
310,Campaign_310,Email,2019-06-23 07:42:40,2019-08-04 07:42:40,1661,Lead Generation,0
311,Campaign_311,Email,2022-03-02 06:31:11,2022-06-16 06:31:11,42412,Engagement Boost,1
312,Campaign_312,Website,2021-10-19 21:05:01,2022-02-11 21:05:01,1311,Brand Awareness,0
313,Campaign_313,Email,2021-01-09 08:25:47,2021-03-05 08:25:47,10920,Lead Generation,1
314,Campaign_314,Conference,2021-06-17 12:55:00,2021-10-09 12:55:00,30658,Brand Awareness,0
315,Campaign_315,Social Media,2019-01-15 14:30:55,2019-04-03 14:30:55,1123,Engagement Boost,1
316,Campaign_316,Paid Ads,2019-02-07 17:25:14,2019-03-20 17:25:14,954,Brand Awareness,1
317,Campaign_317,Paid Ads,2018-03-02 00:08:22,2018-05-18 00:08:22,33706,Event Attendance,1
318,Campaign_318,Paid Ads,2021-08-11 19:16:24,2021-09-11 19:16:24,14732,Event Attendance,1
319,Campaign_319,Email,2021-12-06 04:51:52,2022-03-03 04:51:52,292,Brand Awareness,1
320,Campaign_320,Social Media,2022-12-30 20:13:22,2023-02-15 20:13:22,1430,Lead Generation,1
321,Campaign_321,Paid Ads,2019-10-02 03:59:14,2020-01-08 03:59:14,1352,Lead Generation,0
322,Campaign_322,Social Media,2023-03-27 15:24:31,2023-06-26 15:24:31,902,Lead Generation,1
323,Campaign_323,Email,2022-08-26 03:49:35,2022-12-10 03:49:35,35027,Brand Awareness,1
324,Campaign_324,Referral,2021-01-04 02:33:38,2021-02-16 02:33:38,1061,Lead Generation,1
325,Campaign_325,Paid Ads,2023-12-19 12:24:51,2024-01-15 12:24:51,358,Engagement Boost,1
326,Campaign_326,Email,2019-08-24 19:40:07,2019-10-23 19:40:07,1156,Event Attendance,1
327,Campaign_327,Email,2022-01-06 20:33:57,2022-02-24 20:33:57,2571,Engagement Boost,1
328,Campaign_328,Conference,2022-01-25 02:54:47,2022-02-14 02:54:47,603,Lead Generation,1
329,Campaign_329,Webinar,2019-09-27 19:18:56,2020-01-01 19:18:56,14803,Engagement Boost,1
330,Campaign_330,Social Media,2020-04-26 15:32:39,2020-07-18 15:32:39,931,Lead Generation,1
331,Campaign_331,Email,2023-03-26 06:55:47,2023-05-26 06:55:47,11579,Brand Awareness,1
332,Campaign_332,Email,2020-12-11 17:28:42,2021-01-19 17:28:42,5453,Engagement Boost,1
333,Campaign_333,Paid Ads,2022-12-26 19:45:11,2023-03-16 19:45:11,7675,Brand Awareness,1
334,Campaign_334,Paid Ads,2022-10-23 19:01:55,2022-11-16 19:01:55,1155,Brand Awareness,0
335,Campaign_335,Paid Ads,2021-03-16 21:14:13,2021-05-25 21:14:13,351,Member Conversion,1
336,Campaign_336,Referral,2023-12-27 16:01:43,2024-02-09 16:01:43,1146,Lead Generation,0
337,Campaign_337,Referral,2023-12-24 17:24:35,2024-01-12 17:24:35,1107,Event Attendance,1
338,Campaign_338,Website,2020-06-23 01:29:33,2020-08-09 01:29:33,7563,Lead Generation,0
339,Campaign_339,Conference,2019-04-03 04:30:26,2019-06-21 04:30:26,11465,Event Attendance,0
340,Campaign_340,Paid Ads,2023-04-22 06:51:41,2023-05-24 06:51:41,7631,Lead Generation,1
341,Campaign_341,Paid Ads,2018-05-11 21:49:12,2018-08-29 21:49:12,14003,Brand Awareness,0
342,Campaign_342,Paid Ads,2023-03-29 22:23:30,2023-05-31 22:23:30,777,Engagement Boost,1
343,Campaign_343,Social Media,2022-12-03 17:08:40,2022-12-28 17:08:40,2882,Engagement Boost,1
344,Campaign_344,Email,2018-09-09 14:42:36,2018-12-17 14:42:36,31017,Member Conversion,0
345,Campaign_345,Paid Ads,2022-08-14 05:18:09,2022-09-23 05:18:09,16171,Event Attendance,0
346,Campaign_346,Email,2022-11-16 00:40:31,2023-02-01 00:40:31,17201,Event Attendance,1
347,Campaign_347,Paid Ads,2024-08-19 13:40:33,2024-11-30 13:40:33,954,Event Attendance,1
348,Campaign_348,Social Media,2024-07-19 17:56:17,2024-10-27 17:56:17,385,Brand Awareness,1
349,Campaign_349,Conference,2018-08-07 11:40:37,2018-10-19 11:40:37,50229,Event Attendance,1
350,Campaign_350,Email,2019-06-28 01:00:18,2019-08-08 01:00:18,836,Engagement Boost,0
351,Campaign_351,Referral,2021-09-02 06:01:51,2021-11-04 06:01:51,5714,Brand Awareness,1
352,Campaign_352,Webinar,2023-01-02 19:29:44,2023-04-03 19:29:44,1460,Lead Generation,1
353,Campaign_353,Email,2024-12-06 12:11:15,2025-01-22 12:11:15,38297,Event Attendance,1
354,Campaign_354,Email,2021-05-11 19:27:28,2021-08-31 19:27:28,220,Event Attendance,1
355,Campaign_355,Email,2020-06-17 12:44:51,2020-10-14 12:44:51,24342,Lead Generation,1
356,Campaign_356,Email,2024-10-09 00:58:08,2025-01-30 00:58:08,65056,Event Attendance,0
357,Campaign_357,Referral,2019-10-04 05:56:36,2019-10-19 05:56:36,1066,Lead Generation,0
358,Campaign_358,Paid Ads,2021-05-09 12:11:43,2021-06-13 12:11:43,5591,Brand Awareness,0
359,Campaign_359,Social Media,2022-12-31 12:43:50,2023-03-10 12:43:50,31723,Engagement Boost,1
360,Campaign_360,Email,2022-07-21 07:22:42,2022-08-10 07:22:42,8895,Lead Generation,0
361,Campaign_361,Email,2022-06-10 04:41:52,2022-09-24 04:41:52,977,Member Conversion,0
362,Campaign_362,Paid Ads,2018-10-16 17:55:44,2019-01-19 17:55:44,19561,Lead Generation,0
363,Campaign_363,Email,2023-10-16 16:28:31,2024-01-07 16:28:31,1139,Event Attendance,1
364,Campaign_364,Paid Ads,2022-03-30 16:56:43,2022-07-17 16:56:43,725,Brand Awareness,1
365,Campaign_365,Website,2019-03-15 03:36:26,2019-04-03 03:36:26,533,Brand Awareness,1
366,Campaign_366,Paid Ads,2019-07-18 08:20:37,2019-11-11 08:20:37,2001,Lead Generation,1
367,Campaign_367,Webinar,2020-01-26 17:08:06,2020-02-12 17:08:06,574,Engagement Boost,1
368,Campaign_368,Email,2018-01-23 22:58:29,2018-03-31 22:58:29,31916,Member Conversion,1
369,Campaign_369,Email,2021-09-22 14:41:33,2021-10-29 14:41:33,14197,Brand Awareness,1
370,Campaign_370,Email,2022-11-01 05:44:05,2023-02-24 05:44:05,1204,Event Attendance,0
371,Campaign_371,Webinar,2023-08-20 15:36:05,2023-10-26 15:36:05,12648,Event Attendance,1
372,Campaign_372,Email,2020-06-18 15:25:32,2020-08-08 15:25:32,517,Engagement Boost,1
373,Campaign_373,Paid Ads,2024-09-13 20:10:26,2024-12-10 20:10:26,580,Brand Awareness,0
374,Campaign_374,Webinar,2020-04-27 09:19:49,2020-07-24 09:19:49,43046,Lead Generation,0
375,Campaign_375,Paid Ads,2022-03-26 22:17:43,2022-07-01 22:17:43,40923,Event Attendance,0
376,Campaign_376,Email,2018-11-02 03:40:10,2018-12-03 03:40:10,10321,Engagement Boost,0
377,Campaign_377,Email,2024-02-06 13:57:53,2024-05-15 13:57:53,8814,Brand Awareness,1
378,Campaign_378,Website,2023-02-12 00:47:16,2023-05-15 00:47:16,1037,Brand Awareness,0
379,Campaign_379,Webinar,2018-05-12 02:10:37,2018-08-07 02:10:37,4216,Brand Awareness,1
380,Campaign_380,Paid Ads,2020-09-26 08:14:24,2020-10-11 08:14:24,69272,Brand Awareness,1
381,Campaign_381,Email,2019-12-18 00:30:19,2020-02-21 00:30:19,12232,Brand Awareness,1
382,Campaign_382,Referral,2023-12-24 11:26:38,2024-02-21 11:26:38,227,Event Attendance,1
383,Campaign_383,Webinar,2019-01-20 21:44:36,2019-04-21 21:44:36,4113,Engagement Boost,1
384,Campaign_384,Email,2023-10-23 21:30:35,2023-11-10 21:30:35,48006,Brand Awareness,0
385,Campaign_385,Social Media,2022-10-04 11:30:04,2022-12-19 11:30:04,659,Member Conversion,0
386,Campaign_386,Email,2022-03-10 16:51:30,2022-05-28 16:51:30,800,Member Conversion,1
387,Campaign_387,Paid Ads,2019-04-18 10:57:07,2019-08-14 10:57:07,1118,Engagement Boost,1
388,Campaign_388,Webinar,2021-04-23 18:04:18,2021-06-08 18:04:18,302,Lead Generation,0
389,Campaign_389,Email,2020-07-11 07:48:15,2020-08-28 07:48:15,44198,Lead Generation,0
390,Campaign_390,Referral,2020-10-14 16:24:16,2021-01-28 16:24:16,1233,Lead Generation,1
391,Campaign_391,Conference,2023-12-08 13:19:59,2024-03-26 13:19:59,49738,Member Conversion,0
392,Campaign_392,Webinar,2018-05-28 01:43:55,2018-08-22 01:43:55,1629,Lead Generation,1
393,Campaign_393,Email,2022-06-01 19:48:45,2022-07-24 19:48:45,27816,Event Attendance,1
394,Campaign_394,Email,2020-03-27 16:03:40,2020-05-06 16:03:40,2280,Brand Awareness,0
395,Campaign_395,Email,2022-01-09 10:51:25,2022-02-26 10:51:25,8276,Member Conversion,1
396,Campaign_396,Conference,2023-06-05 16:04:04,2023-08-12 16:04:04,7895,Engagement Boost,1
397,Campaign_397,Email,2019-02-27 05:45:41,2019-03-16 05:45:41,6802,Engagement Boost,0
398,Campaign_398,Paid Ads,2020-02-08 08:27:20,2020-04-12 08:27:20,1171,Brand Awareness,0
399,Campaign_399,Conference,2020-02-14 01:55:48,2020-03-11 01:55:48,28040,Member Conversion,1
400,Campaign_400,Email,2020-06-26 05:27:56,2020-09-13 05:27:56,512,Lead Generation,1
401,Campaign_401,Webinar,2021-12-20 07:03:16,2022-02-26 07:03:16,575,Lead Generation,1
402,Campaign_402,Email,2019-05-02 18:52:14,2019-05-21 18:52:14,2503,Event Attendance,0
403,Campaign_403,Referral,2021-07-22 10:20:18,2021-11-07 10:20:18,1344,Event Attendance,1
404,Campaign_404,Paid Ads,2023-10-31 04:04:11,2024-02-16 04:04:11,43946,Lead Generation,1
405,Campaign_405,Email,2023-07-07 17:39:44,2023-09-16 17:39:44,2456,Engagement Boost,0
406,Campaign_406,Email,2019-10-01 14:10:59,2019-11-01 14:10:59,886,Engagement Boost,1
407,Campaign_407,Paid Ads,2024-01-19 13:35:58,2024-03-20 13:35:58,8116,Event Attendance,1
408,Campaign_408,Conference,2019-05-17 23:03:48,2019-06-23 23:03:48,2712,Brand Awareness,1
409,Campaign_409,Conference,2018-06-19 13:31:11,2018-09-20 13:31:11,504,Lead Generation,0
410,Campaign_410,Webinar,2023-04-05 15:20:54,2023-07-29 15:20:54,5568,Event Attendance,1
411,Campaign_411,Email,2020-07-07 09:21:36,2020-10-14 09:21:36,355,Event Attendance,1
412,Campaign_412,Email,2018-08-08 19:39:43,2018-09-05 19:39:43,1890,Lead Generation,0
413,Campaign_413,Email,2024-07-03 03:36:34,2024-09-21 03:36:34,718,Lead Generation,1
414,Campaign_414,Webinar,2024-01-21 17:55:11,2024-04-19 17:55:11,2425,Engagement Boost,1
415,Campaign_415,Social Media,2020-09-05 20:49:45,2020-11-09 20:49:45,5619,Brand Awareness,1
416,Campaign_416,Paid Ads,2022-04-26 11:15:01,2022-08-21 11:15:01,2274,Brand Awareness,1
417,Campaign_417,Email,2019-03-01 00:26:33,2019-04-22 00:26:33,1956,Lead Generation,1
418,Campaign_418,Webinar,2019-01-11 20:49:43,2019-03-30 20:49:43,533,Member Conversion,1
419,Campaign_419,Social Media,2019-01-29 12:18:53,2019-05-21 12:18:53,1968,Event Attendance,1
420,Campaign_420,Conference,2022-09-20 18:40:23,2022-11-11 18:40:23,710,Event Attendance,1
421,Campaign_421,Social Media,2020-11-30 17:31:29,2021-02-02 17:31:29,11508,Lead Generation,0
422,Campaign_422,Email,2024-04-12 19:21:18,2024-08-02 19:21:18,1243,Member Conversion,0
423,Campaign_423,Email,2024-04-12 23:15:34,2024-07-17 23:15:34,481,Engagement Boost,0
424,Campaign_424,Social Media,2020-01-20 19:55:45,2020-03-04 19:55:45,996,Lead Generation,0
425,Campaign_425,Webinar,2018-07-26 23:25:50,2018-10-27 23:25:50,8262,Lead Generation,1
426,Campaign_426,Email,2020-06-30 04:07:54,2020-10-13 04:07:54,1258,Event Attendance,0
427,Campaign_427,Conference,2024-03-01 09:46:17,2024-05-05 09:46:17,36404,Lead Generation,1
428,Campaign_428,Social Media,2018-04-28 23:10:57,2018-07-14 23:10:57,1282,Lead Generation,0
429,Campaign_429,Webinar,2019-05-15 15:01:45,2019-09-04 15:01:45,1036,Lead Generation,0
430,Campaign_430,Webinar,2022-12-04 00:14:31,2023-02-08 00:14:31,34856,Event Attendance,0
431,Campaign_431,Paid Ads,2019-04-19 00:43:12,2019-06-10 00:43:12,17200,Engagement Boost,0
432,Campaign_432,Paid Ads,2019-08-01 16:47:04,2019-11-20 16:47:04,890,Engagement Boost,1
433,Campaign_433,Paid Ads,2020-01-15 20:42:18,2020-04-26 20:42:18,3229,Lead Generation,1
434,Campaign_434,Social Media,2020-11-30 08:19:01,2021-03-03 08:19:01,2035,Event Attendance,1
435,Campaign_435,Social Media,2024-05-24 22:37:35,2024-07-07 22:37:35,6585,Engagement Boost,1
436,Campaign_436,Social Media,2023-12-07 23:06:04,2024-02-10 23:06:04,475,Engagement Boost,1
437,Campaign_437,Email,2024-05-01 00:45:29,2024-08-04 00:45:29,892,Engagement Boost,0
438,Campaign_438,Conference,2024-02-05 01:38:33,2024-02-24 01:38:33,3289,Event Attendance,0
439,Campaign_439,Conference,2018-11-05 13:10:09,2018-12-18 13:10:09,1439,Event Attendance,1
440,Campaign_440,Webinar,2024-09-02 11:37:59,2024-09-20 11:37:59,6370,Lead Generation,0
441,Campaign_441,Conference,2023-03-16 22:45:32,2023-04-09 22:45:32,5125,Brand Awareness,0
442,Campaign_442,Social Media,2020-08-07 04:14:51,2020-10-16 04:14:51,716,Engagement Boost,0
443,Campaign_443,Paid Ads,2019-07-18 20:00:57,2019-08-18 20:00:57,69212,Brand Awareness,0
444,Campaign_444,Paid Ads,2018-09-15 17:46:46,2018-12-12 17:46:46,184,Event Attendance,1
445,Campaign_445,Email,2018-03-17 09:00:40,2018-04-17 09:00:40,20398,Event Attendance,0
446,Campaign_446,Paid Ads,2018-05-24 21:09:55,2018-08-30 21:09:55,64503,Event Attendance,0
447,Campaign_447,Webinar,2024-07-28 18:23:40,2024-11-07 18:23:40,11638,Brand Awareness,1
448,Campaign_448,Conference,2018-12-03 17:38:27,2019-02-24 17:38:27,11570,Event Attendance,1
449,Campaign_449,Email,2021-05-25 23:07:44,2021-07-12 23:07:44,5249,Lead Generation,0
450,Campaign_450,Email,2019-02-24 14:24:07,2019-03-16 14:24:07,1918,Event Attendance,1
451,Campaign_451,Webinar,2019-12-21 03:39:43,2020-02-26 03:39:43,427,Member Conversion,0
452,Campaign_452,Email,2020-12-18 21:06:53,2021-03-08 21:06:53,20115,Brand Awareness,0
453,Campaign_453,Email,2024-03-26 08:47:11,2024-06-25 08:47:11,44062,Member Conversion,1
454,Campaign_454,Email,2024-11-28 17:12:45,2025-01-24 17:12:45,27911,Event Attendance,1
455,Campaign_455,Email,2020-01-16 22:03:55,2020-04-14 22:03:55,40556,Lead Generation,0
456,Campaign_456,Email,2019-08-01 11:48:02,2019-09-07 11:48:02,507,Engagement Boost,1
457,Campaign_457,Paid Ads,2021-06-21 08:54:46,2021-08-29 08:54:46,945,Event Attendance,1
458,Campaign_458,Paid Ads,2021-10-04 20:05:34,2022-01-06 20:05:34,22275,Lead Generation,1
459,Campaign_459,Social Media,2018-01-29 23:29:31,2018-05-18 23:29:31,574,Brand Awareness,1
460,Campaign_460,Paid Ads,2020-03-24 12:04:49,2020-06-21 12:04:49,1231,Member Conversion,0
461,Campaign_461,Conference,2022-04-14 23:24:49,2022-05-14 23:24:49,328,Member Conversion,1
462,Campaign_462,Email,2018-02-18 10:10:39,2018-03-12 10:10:39,1214,Member Conversion,0
463,Campaign_463,Email,2020-02-24 10:26:30,2020-03-13 10:26:30,868,Brand Awareness,1
464,Campaign_464,Conference,2024-05-26 16:22:22,2024-09-21 16:22:22,351,Lead Generation,1
465,Campaign_465,Email,2022-11-22 16:48:21,2022-12-10 16:48:21,18669,Brand Awareness,0
466,Campaign_466,Paid Ads,2020-02-18 02:21:38,2020-04-28 02:21:38,42380,Member Conversion,0
467,Campaign_467,Webinar,2021-10-28 18:14:48,2021-12-06 18:14:48,11710,Event Attendance,1
468,Campaign_468,Webinar,2022-02-02 09:02:49,2022-04-24 09:02:49,285,Engagement Boost,1
469,Campaign_469,Email,2023-10-21 21:01:50,2024-02-08 21:01:50,1698,Brand Awareness,1
470,Campaign_470,Email,2024-01-14 04:44:45,2024-04-04 04:44:45,56320,Brand Awareness,1
471,Campaign_471,Webinar,2022-12-22 11:24:44,2023-02-01 11:24:44,510,Lead Generation,0
472,Campaign_472,Email,2021-08-07 00:23:49,2021-11-22 00:23:49,43006,Lead Generation,1
473,Campaign_473,Webinar,2021-11-09 10:53:45,2021-12-25 10:53:45,3474,Brand Awareness,1
474,Campaign_474,Conference,2024-07-09 08:26:33,2024-09-11 08:26:33,2493,Member Conversion,1
475,Campaign_475,Referral,2022-02-25 04:13:09,2022-05-11 04:13:09,33625,Engagement Boost,0
476,Campaign_476,Email,2018-01-13 11:53:20,2018-03-19 11:53:20,9705,Lead Generation,0
477,Campaign_477,Social Media,2023-01-31 14:07:47,2023-03-05 14:07:47,502,Member Conversion,1
478,Campaign_478,Paid Ads,2023-04-15 11:38:17,2023-05-20 11:38:17,743,Event Attendance,0
479,Campaign_479,Paid Ads,2019-05-18 02:26:13,2019-06-06 02:26:13,787,Lead Generation,1
480,Campaign_480,Email,2024-06-28 17:09:09,2024-10-02 17:09:09,1486,Member Conversion,1
481,Campaign_481,Conference,2023-01-18 09:03:38,2023-05-04 09:03:38,12055,Member Conversion,0
482,Campaign_482,Email,2018-04-13 10:17:31,2018-06-08 10:17:31,6440,Engagement Boost,0
483,Campaign_483,Paid Ads,2019-12-05 11:05:08,2020-02-18 11:05:08,35659,Engagement Boost,0
484,Campaign_484,Email,2021-01-10 17:14:08,2021-02-15 17:14:08,1000,Event Attendance,1
485,Campaign_485,Social Media,2020-02-03 23:55:51,2020-03-09 23:55:51,1224,Member Conversion,1
486,Campaign_486,Conference,2020-09-20 21:14:28,2020-12-13 21:14:28,1370,Member Conversion,0
487,Campaign_487,Conference,2020-12-06 21:42:19,2020-12-21 21:42:19,1276,Engagement Boost,1
488,Campaign_488,Email,2021-11-08 20:17:47,2021-11-27 20:17:47,50287,Lead Generation,1
489,Campaign_489,Email,2021-10-11 13:13:15,2022-02-07 13:13:15,18380,Lead Generation,1
490,Campaign_490,Webinar,2020-09-09 12:45:26,2020-10-05 12:45:26,560,Brand Awareness,0
491,Campaign_491,Paid Ads,2021-02-09 18:04:51,2021-05-24 18:04:51,601,Engagement Boost,1
492,Campaign_492,Email,2022-01-07 14:24:05,2022-03-08 14:24:05,4291,Brand Awareness,1
493,Campaign_493,Webinar,2018-12-09 00:12:15,2019-01-26 00:12:15,1509,Engagement Boost,0
494,Campaign_494,Referral,2022-04-08 15:32:03,2022-06-10 15:32:03,703,Event Attendance,1
495,Campaign_495,Conference,2022-12-13 03:54:05,2023-03-15 03:54:05,774,Member Conversion,1
496,Campaign_496,Conference,2023-07-13 23:35:10,2023-10-25 23:35:10,10704,Event Attendance,1
497,Campaign_497,Referral,2019-08-21 03:07:14,2019-10-19 03:07:14,68576,Engagement Boost,1
498,Campaign_498,Email,2019-09-10 21:27:18,2019-10-21 21:27:18,9848,Member Conversion,1
499,Campaign_499,Webinar,2019-10-26 18:51:19,2020-01-21 18:51:19,1312,Lead Generation,1
500,Campaign_500,Referral,2023-04-03 09:15:31,2023-05-13 09:15:31,5783,Lead Generation,0
501,Campaign_501,Email,2018-05-24 21:09:55,2021-06-27 03:17:07,719,Event Attendance,1
502,Campaign_502,Social Media,2021-01-10 17:14:08,2023-01-10 22:19:28,7353,Lead Generation,0
503,Campaign_503,Conference,2019-02-16 14:30:19,2022-03-22 13:05:47,575,Lead Generation,0
504,Campaign_504,Paid Ads,2021-09-02 06:01:51,2019-06-03 01:14:07,3709,Lead Generation,0
505,Campaign_505,Paid Ads,2022-10-06 01:35:55,2021-09-10 13:19:22,15326,Event Attendance,1
506,Campaign_506,Email,2019-02-12 13:31:38,2024-05-29 10:48:46,54163,Member Conversion,1
507,Campaign_507,Paid Ads,2019-08-01 11:48:02,2023-07-17 13:30:11,358,Event Attendance,1
508,Campaign_508,Paid Ads,2018-02-18 10:10:39,2024-09-04 12:30:17,517,Brand Awareness,0
509,Campaign_509,Email,2024-06-10 18:51:41,2022-02-24 20:33:57,666,Event Attendance,1
510,Campaign_510,Conference,2024-07-21 13:43:59,2018-11-21 19:23:07,8224,Engagement Boost,1
511,Campaign_511,Webinar,2023-11-08 06:08:52,2023-03-13 09:50:19,56320,Brand Awareness,0
512,Campaign_512,Website,2024-12-08 21:47:04,2024-07-22 03:08:31,8276,Brand Awareness,1
513,Campaign_513,Email,2022-08-22 14:15:54,2022-08-31 01:41:26,1309,Member Conversion,0
514,Campaign_514,Social Media,2023-06-15 20:00:12,2022-10-21 01:50:05,715,Lead Generation,0
515,Campaign_515,Webinar,2022-09-28 22:19:28,2018-03-22 13:17:48,6445,Brand Awareness,1
516,Campaign_516,Paid Ads,2020-06-23 01:29:33,2022-04-10 15:59:52,7598,Lead Generation,0
517,Campaign_517,Conference,2020-01-26 17:08:06,2024-07-26 01:43:07,28821,Engagement Boost,1
518,Campaign_518,Email,2019-07-20 23:28:03,2023-04-09 22:45:32,5633,Event Attendance,1
519,Campaign_519,Paid Ads,2019-08-25 03:34:26,2023-04-14 01:15:52,1156,Lead Generation,1
520,Campaign_520,Webinar,2023-04-05 15:20:54,2022-08-31 01:41:26,351,Brand Awareness,1
521,Campaign_521,Paid Ads,2018-09-03 08:54:56,2023-10-26 12:16:48,50229,Brand Awareness,0
522,Campaign_522,Social Media,2024-07-21 13:43:59,2024-06-07 06:26:36,605,Engagement Boost,1
523,Campaign_523,Webinar,2024-03-18 11:06:37,2022-04-29 01:28:31,1038,Member Conversion,1
524,Campaign_524,Email,2020-09-26 08:14:24,2023-05-24 06:51:41,20525,Brand Awareness,1
525,Campaign_525,Email,2018-12-09 00:12:15,2018-06-15 06:53:28,69212,Event Attendance,0
526,Campaign_526,Webinar,2019-01-06 22:30:03,2018-08-30 21:09:55,710,Brand Awareness,1
527,Campaign_527,Email,2023-07-03 23:09:14,2023-05-26 06:55:47,1344,Event Attendance,1
528,Campaign_528,Email,2020-10-19 16:02:31,2019-08-21 21:17:56,17201,Member Conversion,1
529,Campaign_529,Website,2019-02-16 19:40:25,2024-10-27 17:56:17,427,Lead Generation,0
530,Campaign_530,Paid Ads,2024-08-01 05:16:18,2021-12-25 10:53:45,11540,Engagement Boost,0
531,Campaign_531,Email,2022-08-14 05:18:09,2021-06-27 03:17:07,1038,Lead Generation,1
532,Campaign_532,Paid Ads,2022-01-06 20:33:57,2024-01-19 06:08:52,1460,Member Conversion,1
533,Campaign_533,Paid Ads,2022-03-21 17:54:26,2020-05-24 10:50:16,933,Brand Awareness,1
534,Campaign_534,Conference,2018-09-09 14:42:36,2022-12-19 11:30:04,28049,Lead Generation,1
535,Campaign_535,Webinar,2024-12-25 04:19:53,2024-05-15 13:57:53,18380,Event Attendance,0
536,Campaign_536,Email,2022-01-07 14:24:05,2020-10-27 19:05:03,1956,Brand Awareness,1
537,Campaign_537,Social Media,2020-07-03 13:41:53,2018-08-30 21:09:55,996,Member Conversion,0
538,Campaign_538,Paid Ads,2021-08-07 00:23:49,2019-09-28 20:00:50,16939,Member Conversion,0
539,Campaign_539,Email,2020-10-25 17:59:35,2019-10-24 12:49:47,43001,Brand Awareness,1
540,Campaign_540,Referral,2023-12-20 08:39:25,2022-05-14 23:24:49,7563,Brand Awareness,1
541,Campaign_541,Webinar,2019-10-26 18:51:19,2019-05-21 15:54:14,8895,Engagement Boost,1
542,Campaign_542,Email,2018-04-10 08:49:37,2022-08-05 12:40:36,30338,Lead Generation,1
543,Campaign_543,Email,2018-05-28 01:43:55,2023-03-10 12:43:50,4056,Engagement Boost,0
544,Campaign_544,Email,2024-03-06 10:05:00,2021-02-11 10:54:19,9705,Engagement Boost,1
545,Campaign_545,Conference,2019-01-29 12:18:53,2019-09-07 11:48:02,5125,Event Attendance,1
546,Campaign_546,Paid Ads,2019-08-07 08:49:03,2020-10-14 09:21:36,3474,Member Conversion,1
547,Campaign_547,Social Media,2018-05-12 02:10:37,2022-09-28 23:17:52,2035,Member Conversion,1
548,Campaign_548,Paid Ads,2024-04-01 20:26:09,2021-09-11 19:16:24,356,Event Attendance,1
549,Campaign_549,Email,2020-09-09 12:45:26,2022-08-09 08:28:46,5619,Member Conversion,1
550,Campaign_550,Paid Ads,2021-05-25 03:17:07,2020-05-24 10:50:16,743,Member Conversion,1
551,Campaign_551,Webinar,2019-01-06 22:30:03,2024-04-11 11:24:31,321,Lead Generation,0
552,Campaign_552,Paid Ads,2023-08-12 12:16:48,2021-07-08 08:27:46,13718,Brand Awareness,1
553,Campaign_553,Email,2019-08-18 01:42:35,2019-05-23 11:33:23,11090,Lead Generation,0
554,Campaign_554,Webinar,2022-05-02 04:49:01,2019-08-04 03:03:28,20525,Event Attendance,1
555,Campaign_555,Social Media,2022-01-25 02:54:47,2020-03-13 10:26:30,715,Event Attendance,1
556,Campaign_556,Webinar,2021-02-07 12:26:08,2019-04-03 14:30:55,17201,Brand Awareness,1
557,Campaign_557,Social Media,2019-01-11 20:49:43,2020-07-24 09:19:49,1465,Engagement Boost,0
558,Campaign_558,Webinar,2024-05-08 18:18:39,2024-09-04 12:30:17,5783,Engagement Boost,0
559,Campaign_559,Email,2024-02-18 04:36:02,2020-01-29 21:38:23,770,Member Conversion,1
560,Campaign_560,Paid Ads,2024-01-19 13:35:58,2021-11-22 00:23:49,14197,Member Conversion,0
561,Campaign_561,Webinar,2024-06-19 01:43:07,2019-05-21 15:54:14,6876,Brand Awareness,1
562,Campaign_562,Paid Ads,2022-09-17 08:43:16,2023-10-20 22:37:23,659,Lead Generation,1
563,Campaign_563,Paid Ads,2024-11-24 19:39:54,2024-11-18 01:12:40,3927,Event Attendance,1
564,Campaign_564,Webinar,2020-03-18 04:06:12,2021-09-11 19:16:24,37857,Brand Awareness,0
565,Campaign_565,Email,2019-02-03 11:33:23,2019-10-19 03:07:14,1146,Brand Awareness,0
566,Campaign_566,Paid Ads,2022-07-21 07:22:42,2020-10-16 04:14:51,44062,Brand Awareness,1
567,Campaign_567,Email,2023-10-10 06:17:44,2019-11-21 09:42:41,7068,Engagement Boost,1
568,Campaign_568,Paid Ads,2022-02-25 04:13:09,2021-04-09 12:26:08,947,Event Attendance,1
569,Campaign_569,Social Media,2022-12-08 06:31:23,2024-10-17 23:33:12,42701,Engagement Boost,1
570,Campaign_570,Email,2021-05-25 23:07:44,2022-05-28 16:51:30,552,Engagement Boost,1
571,Campaign_571,Email,2024-12-16 15:59:44,2019-08-14 10:57:07,13718,Brand Awareness,1
572,Campaign_572,Email,2024-01-09 20:16:25,2024-11-18 01:12:40,11540,Lead Generation,1
573,Campaign_573,Paid Ads,2019-04-19 00:43:12,2024-03-07 20:16:25,3927,Event Attendance,1
574,Campaign_574,Conference,2018-02-18 10:10:39,2024-11-18 01:12:40,1216,Engagement Boost,1
575,Campaign_575,Webinar,2021-07-20 07:06:33,2024-09-20 11:37:59,1147,Member Conversion,1
576,Campaign_576,Paid Ads,2024-10-28 08:25:30,2018-05-26 08:49:37,43946,Member Conversion,1
577,Campaign_577,Email,2022-12-03 10:45:16,2018-11-21 19:23:07,1298,Engagement Boost,1
578,Campaign_578,Social Media,2020-08-22 23:48:57,2024-11-18 01:12:40,415,Engagement Boost,0
579,Campaign_579,Webinar,2020-07-01 08:22:14,2019-11-15 21:17:16,221,Brand Awareness,1
580,Campaign_580,Paid Ads,2020-02-08 08:27:20,2024-06-29 23:14:46,4511,Brand Awareness,1
581,Campaign_581,Social Media,2022-12-31 12:43:50,2018-10-18 22:01:50,2712,Lead Generation,1
582,Campaign_582,Email,2020-09-29 19:05:03,2018-12-04 17:24:40,1117,Brand Awareness,0
583,Campaign_583,Paid Ads,2022-06-01 19:48:45,2022-12-28 17:08:40,4808,Brand Awareness,0
584,Campaign_584,Conference,2018-10-02 03:22:27,2020-03-09 23:55:51,15491,Brand Awareness,1
585,Campaign_585,Referral,2020-10-19 16:02:31,2020-10-16 02:05:19,507,Brand Awareness,1
586,Campaign_586,Email,2022-11-16 00:40:31,2020-05-24 10:50:16,710,Event Attendance,0
587,Campaign_587,Webinar,2019-12-09 14:20:38,2022-12-19 11:30:04,1243,Brand Awareness,1
588,Campaign_588,Email,2020-09-26 08:14:24,2021-11-07 10:20:18,771,Brand Awareness,1
589,Campaign_589,Referral,2022-04-14 23:24:49,2020-12-28 08:30:24,7631,Lead Generation,0
590,Campaign_590,Paid Ads,2020-02-13 13:16:12,2024-06-29 23:14:46,37857,Engagement Boost,1
591,Campaign_591,Paid Ads,2020-10-25 17:59:35,2019-11-01 23:28:03,46688,Engagement Boost,1
592,Campaign_592,Email,2023-01-02 19:29:44,2019-05-23 11:33:23,1465,Brand Awareness,1
593,Campaign_593,Email,2021-05-25 03:17:07,2020-10-13 23:48:57,3474,Lead Generation,1
594,Campaign_594,Social Media,2023-04-29 09:57:21,2024-09-04 12:30:17,13718,Engagement Boost,0
595,Campaign_595,Email,2019-10-22 09:42:41,2021-02-11 10:54:19,31411,Engagement Boost,1
596,Campaign_596,Email,2019-11-11 21:38:23,2022-08-21 11:15:01,50229,Lead Generation,1
597,Campaign_597,Email,2021-04-23 18:04:18,2022-10-06 15:44:32,2503,Engagement Boost,1
598,Campaign_598,Conference,2019-06-17 01:05:57,2021-02-16 02:33:38,48006,Engagement Boost,1
599,Campaign_599,Social Media,2020-02-03 23:55:51,2018-12-18 13:10:09,2001,Engagement Boost,0
600,Campaign_600,Webinar,2024-01-19 13:35:58,2021-03-18 04:48:00,7563,Lead Generation,1
